{
	"id": "a5e84aef-8068-4c8f-bd95-8aad59966d75",
	"name": "__Publicis Platform Enablement - JWT Start",
	"values": [
		{
			"key": "IMS",
			"value": "https://ims-na1.adobelogin.com",
			"enabled": true
		},
		{
			"key": "PLATFORM_GATEWAY",
			"value": "https://platform.adobe.io",
			"enabled": true
		},
		{
			"key": "clientID",
			"value": "",
			"enabled": true
		},
		{
			"key": "clientSecret",
			"value": "",
			"enabled": true
		},
		{
			"key": "IMSOrg",
			"value": "D845731D5B30B6010A495E2E@AdobeOrg",
			"enabled": true
		},
		{
			"key": "techacct",
			"value": "",
			"enabled": true
		},
		{
			"key": "meta_scope",
			"value": "ent_dataservices_sdk",
			"enabled": true
		},
		{
			"key": "secret",
			"value": "",
			"enabled": true
		},
		{
			"key": "jwt_token",
			"value": "",
			"enabled": true
		},
		{
			"key": "access_token",
			"value": "",
			"enabled": true
		},
		{
			"key": "predicatePreviewId",
			"value": "",
			"enabled": true
		},
		{
			"key": "BATCH_ID",
			"value": "",
			"enabled": true
		},
		{
			"key": "previewSessionId",
			"value": null,
			"enabled": true
		},
		{
			"key": "IMS_TOKEN",
			"value": "",
			"enabled": true
		},
		{
			"key": "DATASET_ID",
			"value": "",
			"enabled": true
		},
		{
			"key": "VIEW_ID",
			"value": "",
			"enabled": true
		},
		{
			"key": "SEGMENT_ID",
			"value": "",
			"enabled": true
		},
		{
			"key": "JOB_ID",
			"value": "",
			"enabled": true
		},
		{
			"key": "MERGEPOLICY_ID",
			"value": "",
			"enabled": true
		},
		{
			"key": "SEGMENT_DATASET_ID",
			"value": "",
			"enabled": true
		},
		{
			"key": "EXPORT_ID",
			"value": "",
			"enabled": true
		},
		{
			"key": "FAILED_FILES_HREF",
			"value": null,
			"enabled": true
		}
	],
	"_postman_variable_scope": "environment",
	"_postman_exported_at": "2019-09-20T05:00:13.046Z",
	"_postman_exported_using": "Postman/7.7.3"
}